filename,split,class_id,class_name
great_value_all_purpose_flour_2lb__IMG_1799.jpg,train,0,flour
great_value_all_purpose_flour_2lb__IMG_1800.jpg,val,0,flour
great_value_all_purpose_flour_2lb__IMG_1801.jpg,train,0,flour
great_value_all_purpose_flour_2lb__IMG_1802.jpg,train,0,flour
great_value_all_purpose_flour_2lb__IMG_1803.jpg,train,0,flour
great_value_basmati_rice_2lb__IMG_1833.jpg,train,1,basmati_rice
great_value_basmati_rice_2lb__IMG_1834.jpg,val,1,basmati_rice
great_value_basmati_rice_2lb__IMG_1835.jpg,train,1,basmati_rice
great_value_black_tea_100ct_8oz__IMG_1784.jpg,train,2,black_tea
great_value_black_tea_100ct_8oz__IMG_1785.jpg,val,2,black_tea
great_value_black_tea_100ct_8oz__IMG_1786.jpg,train,2,black_tea
great_value_black_tea_100ct_8oz__IMG_1787.jpg,train,2,black_tea
great_value_black_tea_100ct_8oz__IMG_1788.jpg,train,2,black_tea
great_value_chicken_flavored_stuffing_mix_6oz__IMG_1789.jpg,train,3,chicken_flavored_stuffing_mix
great_value_chicken_flavored_stuffing_mix_6oz__IMG_1790.jpg,val,3,chicken_flavored_stuffing_mix
great_value_chicken_flavored_stuffing_mix_6oz__IMG_1791.jpg,train,3,chicken_flavored_stuffing_mix
great_value_chicken_flavored_stuffing_mix_6oz__IMG_1792.jpg,train,3,chicken_flavored_stuffing_mix
great_value_chicken_flavored_stuffing_mix_6oz__IMG_1793.jpg,train,3,chicken_flavored_stuffing_mix
great_value_classic_roast_ground_coffee_40_3oz__IMG_1814.jpg,train,4,classic_roast_ground_coffee
great_value_classic_roast_ground_coffee_40_3oz__IMG_1815.jpg,val,4,classic_roast_ground_coffee
great_value_classic_roast_ground_coffee_40_3oz__IMG_1816.jpg,train,4,classic_roast_ground_coffee
great_value_classic_roast_ground_coffee_40_3oz__IMG_1817.jpg,train,4,classic_roast_ground_coffee
great_value_classic_roast_ground_coffee_40_3oz__IMG_1818.jpg,train,4,classic_roast_ground_coffee
great_value_creamy_peanut_butter_64oz__IMG_1836.jpg,train,11,creamy_peanut_butter
great_value_creamy_peanut_butter_64oz__IMG_1838.jpg,val,11,creamy_peanut_butter
great_value_creamy_peanut_butter_64oz__IMG_1839.jpg,train,11,creamy_peanut_butter
great_value_creamy_peanut_butter_64oz__IMG_1840.jpg,train,11,creamy_peanut_butter
great_value_garlic_bread_sticks_10_5oz__IMG_1794.jpg,train,5,garlic_bread_sticks
great_value_garlic_bread_sticks_10_5oz__IMG_1795.jpg,val,5,garlic_bread_sticks
great_value_garlic_bread_sticks_10_5oz__IMG_1796.jpg,train,5,garlic_bread_sticks
great_value_garlic_bread_sticks_10_5oz__IMG_1797.jpg,train,5,garlic_bread_sticks
great_value_garlic_bread_sticks_10_5oz__IMG_1798.jpg,train,5,garlic_bread_sticks
great_value_instant_mashed_potatoes_13_75oz__IMG_1804.jpg,train,6,instant_mashed_potatoes
great_value_instant_mashed_potatoes_13_75oz__IMG_1805.jpg,val,6,instant_mashed_potatoes
great_value_instant_mashed_potatoes_13_75oz__IMG_1806.jpg,train,6,instant_mashed_potatoes
great_value_instant_mashed_potatoes_13_75oz__IMG_1807.jpg,train,6,instant_mashed_potatoes
great_value_instant_mashed_potatoes_13_75oz__IMG_1808.jpg,train,6,instant_mashed_potatoes
great_value_magic_treasures_cereal_11_5oz__IMG_1819.jpg,train,8,magic_treasures_cereal
great_value_magic_treasures_cereal_11_5oz__IMG_1820.jpg,val,8,magic_treasures_cereal
great_value_magic_treasures_cereal_11_5oz__IMG_1821.jpg,train,8,magic_treasures_cereal
great_value_magic_treasures_cereal_11_5oz__IMG_1822.jpg,train,8,magic_treasures_cereal
great_value_magic_treasures_cereal_11_5oz__IMG_1823.jpg,train,8,magic_treasures_cereal
great_value_plain_bread_crumbs_15oz__IMG_1829.jpg,train,10,plain_bread_crumbs
great_value_plain_bread_crumbs_15oz__IMG_1830.jpg,val,10,plain_bread_crumbs
great_value_plain_bread_crumbs_15oz__IMG_1831.jpg,train,10,plain_bread_crumbs
great_value_plain_bread_crumbs_15oz__IMG_1832.jpg,train,10,plain_bread_crumbs
great_value_raw_honey_16oz__IMG_1824.jpg,train,9,raw_honey
great_value_raw_honey_16oz__IMG_1825.jpg,val,9,raw_honey
great_value_raw_honey_16oz__IMG_1826.jpg,train,9,raw_honey
great_value_raw_honey_16oz__IMG_1827.jpg,train,9,raw_honey
great_value_raw_honey_16oz__IMG_1828.jpg,train,9,raw_honey
great_value_traditional_refried_beans_16oz__IMG_1809.jpg,train,7,traditional_refried_beans
great_value_traditional_refried_beans_16oz__IMG_1810.jpg,val,7,traditional_refried_beans
great_value_traditional_refried_beans_16oz__IMG_1811.jpg,train,7,traditional_refried_beans
great_value_traditional_refried_beans_16oz__IMG_1812.jpg,train,7,traditional_refried_beans
great_value_traditional_refried_beans_16oz__IMG_1813.jpg,train,7,traditional_refried_beans
